gender,smoking,anxiety,allergy,coughing,alchohol consuming,lung cancer
M,1,2,1,2,2,YES
M,2,1,2,1,1,YES
F,1,1,1,2,1,NO
M,2,2,1,1,2,NO
F,1,1,1,2,1,NO
F,1,1,2,2,1,YES
M,2,1,1,2,2,YES
F,2,2,2,1,1,YES
F,2,2,1,1,1,NO
M,2,2,2,1,2,YES
F,2,2,1,2,1,YES
M,1,1,2,2,2,YES
F,2,1,1,1,1,NO
M,2,1,2,2,2,YES
M,2,1,2,2,2,NO
F,1,2,2,2,1,YES
M,2,1,2,2,2,YES
M,2,2,1,1,2,YES
F,2,2,1,2,1,YES
F,1,1,1,1,1,NO
F,2,2,1,1,1,YES
F,1,2,2,2,1,YES
F,2,1,2,1,1,NO
M,2,1,2,2,2,YES
M,2,2,2,2,2,YES
M,1,2,1,2,2,YES
F,2,2,2,1,2,YES
M,1,1,1,2,1,NO
F,2,2,1,1,2,YES
M,1,1,1,2,2,NO
F,2,1,1,1,1,NO
M,2,2,2,1,2,YES
M,2,2,1,1,1,NO
F,2,2,1,1,1,YES
M,1,2,1,1,1,NO
F,2,2,1,1,1,YES
M,1,1,1,2,1,YES
F,1,1,1,1,1,NO
M,2,1,1,1,1,YES
M,2,1,2,2,2,YES
M,2,2,2,2,2,YES
M,1,1,2,1,2,YES
F,1,2,1,1,2,YES
M,2,1,2,1,2,YES
F,2,1,1,2,2,YES
M,2,2,1,2,2,YES
M,2,1,2,2,1,YES
F,2,1,1,2,2,YES
F,1,2,2,1,2,YES
M,1,2,1,1,2,NO
F,1,1,2,1,2,YES
M,2,2,2,1,1,YES
F,2,1,2,2,2,YES
M,2,1,2,2,2,YES
F,1,1,2,2,2,YES
M,1,2,2,2,2,YES
F,1,1,1,2,1,YES
M,1,1,2,2,2,YES
M,1,1,1,1,1,YES
M,2,2,2,2,2,YES
M,1,1,2,2,2,YES
F,1,2,1,2,1,NO
M,1,1,2,2,2,YES
F,1,2,2,1,2,YES
M,1,1,2,2,2,YES
F,2,2,1,2,1,YES
F,1,1,2,2,1,YES
M,2,1,1,2,2,YES
F,2,2,2,1,1,YES
F,2,2,1,2,1,YES
M,2,2,2,1,2,YES
F,2,2,1,2,1,YES
M,1,1,2,2,2,YES
F,2,1,1,1,1,YES
M,2,1,2,2,2,YES
M,2,1,2,2,2,YES
F,1,2,2,2,1,YES
M,2,1,2,2,2,YES
M,2,2,1,1,2,YES
F,2,2,1,2,1,YES
F,1,1,1,1,1,NO
F,2,2,1,1,1,YES
F,2,2,2,1,2,YES
F,1,1,2,2,2,YES
M,1,1,2,2,2,YES
M,1,2,1,2,2,YES
M,1,2,2,2,2,YES
M,1,2,1,1,1,YES
F,2,2,2,1,2,YES
F,2,1,2,1,2,YES
F,1,1,1,1,2,YES
F,1,1,2,2,1,YES
M,2,1,2,1,2,YES
F,1,2,2,2,2,YES
M,2,1,2,2,2,YES
M,1,2,1,1,1,YES
F,2,2,2,2,2,YES
M,2,1,1,2,2,YES
M,1,2,2,2,1,YES
M,2,1,2,2,2,YES
M,2,1,2,2,2,YES
F,1,2,2,2,1,YES
M,2,1,2,2,2,YES
M,2,2,1,1,2,YES
F,2,2,1,2,1,YES
F,1,1,1,1,1,YES
F,2,2,1,1,1,YES
F,2,2,2,1,2,YES
F,1,1,2,2,2,YES
M,1,1,2,1,2,YES
M,1,2,1,2,2,YES
M,2,2,2,1,2,YES
F,1,1,1,2,1,YES
M,2,2,1,1,2,YES
F,1,1,1,2,2,YES
F,1,1,2,2,1,YES
M,2,1,1,2,2,YES
F,2,2,2,1,1,YES
F,2,2,1,2,1,YES
F,1,2,2,1,2,YES
M,2,2,1,2,1,YES
M,1,1,2,2,2,YES
M,2,2,1,1,1,YES
F,2,2,2,2,2,YES
M,2,1,2,2,2,YES
F,1,2,2,2,1,YES
M,2,1,1,2,2,YES
M,2,2,1,1,2,YES
F,2,2,1,2,1,YES
F,1,1,1,1,1,NO
F,2,2,1,1,1,YES
F,1,2,2,2,1,YES
F,2,1,2,1,1,YES
M,2,1,2,2,2,YES
M,2,2,2,2,2,YES
M,1,2,1,2,2,YES
F,2,2,2,1,1,YES
M,1,1,1,2,1,YES
F,2,2,1,1,2,YES
M,1,1,1,2,2,YES
F,2,1,2,2,1,YES
M,2,2,1,2,2,YES
M,2,2,2,1,1,YES
F,2,2,2,2,1,YES
M,1,2,2,1,2,YES
F,2,2,1,2,1,YES
M,1,1,2,2,2,YES
F,1,1,1,2,2,YES
M,2,1,2,2,2,YES
M,2,1,2,2,2,YES
M,2,2,2,2,2,YES
M,1,1,2,1,2,YES
F,1,2,1,1,2,YES
M,2,1,1,1,1,NO
F,2,1,1,1,1,NO
M,2,2,1,1,1,YES
M,2,1,1,1,1,NO
F,2,1,1,1,1,NO
F,1,2,2,1,2,YES
M,1,2,1,1,2,NO
F,1,1,2,1,2,YES
M,2,2,2,1,1,YES
F,2,1,2,2,2,YES
M,2,1,2,2,2,YES
F,1,1,2,2,2,YES
M,1,2,2,2,2,YES
F,1,1,1,2,1,YES
M,1,1,2,2,2,YES
M,1,1,1,1,1,YES
M,2,2,2,2,2,YES
M,1,1,2,2,2,YES
F,1,2,1,2,1,NO
M,1,1,2,2,2,YES
F,1,2,2,1,2,YES
M,1,1,2,2,2,YES
F,2,2,1,2,1,YES
F,1,1,2,2,1,YES
M,2,1,1,2,2,YES
F,2,2,2,1,1,YES
F,2,2,1,2,1,YES
M,2,2,2,1,2,YES
F,2,2,1,2,1,YES
M,1,1,2,2,2,YES
F,2,1,1,1,1,NO
M,2,1,2,2,2,YES
M,2,1,2,2,2,YES
F,1,2,1,1,1,YES
M,2,1,1,1,1,YES
M,2,2,1,1,1,YES
F,2,2,1,1,1,YES
F,1,1,1,1,1,YES
F,2,2,1,1,1,YES
F,2,2,1,1,1,YES
F,1,1,1,1,1,YES
M,1,1,2,2,2,YES
M,1,2,1,2,2,YES
M,1,2,2,2,2,YES
M,1,2,1,1,1,YES
F,2,2,2,1,2,YES
F,2,1,2,1,2,YES
F,1,1,1,1,2,YES
F,1,1,2,2,1,YES
M,2,1,2,1,2,YES
F,1,2,2,2,2,YES
M,2,1,2,2,2,YES
M,1,2,1,1,1,YES
F,2,2,2,2,2,YES
M,2,1,1,2,1,NO
M,1,2,2,2,1,YES
M,2,1,2,2,2,YES
M,2,1,2,2,2,YES
F,1,2,2,2,1,YES
M,2,1,2,2,2,YES
M,2,2,1,1,2,YES
F,2,2,1,2,1,YES
F,1,1,1,1,1,NO
F,2,2,1,1,1,YES
F,2,2,2,1,2,YES
F,1,1,2,2,2,YES
M,1,1,2,2,2,YES
F,1,2,2,1,2,YES
M,1,2,1,1,2,NO
F,1,1,2,1,2,YES
M,2,2,2,1,1,YES
F,2,1,2,2,2,YES
M,2,1,2,2,2,YES
F,1,1,2,2,2,YES
M,1,2,2,2,2,YES
F,1,1,1,2,1,YES
M,1,1,2,2,2,YES
M,1,1,1,1,1,YES
M,2,2,2,2,2,YES
M,1,1,2,2,2,YES
F,1,2,1,2,1,YES
M,1,1,2,2,2,YES
F,1,2,2,1,2,YES
M,1,1,2,2,2,YES
F,2,2,1,2,1,YES
F,1,1,2,2,1,YES
F,1,2,2,2,1,YES
F,2,1,2,1,1,YES
M,2,1,2,2,2,YES
M,2,2,2,1,1,YES
M,1,2,1,2,2,YES
F,2,2,2,1,1,YES
M,1,1,1,1,1,NO
F,2,2,1,1,2,YES
M,1,1,1,2,2,YES
F,2,1,2,2,1,YES
M,2,2,1,1,1,NO
M,2,2,2,1,1,YES
F,2,2,2,2,1,YES
M,1,2,2,1,2,YES
F,2,2,1,2,1,YES
M,1,1,2,2,2,YES
F,1,1,1,2,2,YES
M,2,1,2,2,2,YES
M,2,1,2,2,2,YES
M,2,2,2,2,2,YES
M,1,1,2,1,2,YES
F,1,2,1,1,2,YES
M,2,1,2,1,2,YES
F,1,1,1,2,1,NO
F,1,1,2,2,1,YES
M,2,1,1,2,2,YES
F,2,2,2,1,1,YES
F,2,2,1,1,1,NO
M,2,2,2,1,2,YES
F,2,2,1,2,1,YES
M,1,1,2,2,2,YES
F,2,1,1,1,1,NO
M,2,1,2,2,2,YES
M,2,1,2,2,2,NO
F,1,2,2,2,1,YES
M,2,1,2,2,2,YES
M,2,2,1,1,2,YES
F,2,2,1,2,1,YES
F,1,1,1,1,1,NO
F,2,2,1,1,1,YES
F,1,2,2,2,1,YES
F,2,1,2,1,1,NO
M,2,1,2,1,1,NO
M,1,2,1,1,1,NO
M,1,2,1,2,2,YES
M,2,2,1,1,2,YES
F,2,2,1,2,1,YES
F,1,1,1,1,1,NO
F,2,2,1,1,1,YES
F,1,2,2,2,1,YES
F,2,1,2,1,1,YES
M,2,1,2,2,2,YES
M,2,2,2,2,2,YES
M,1,2,1,2,2,YES
F,2,2,2,1,1,YES
M,1,1,1,2,1,YES
F,2,2,1,1,2,YES
M,1,1,1,2,2,YES
F,2,1,2,2,1,YES
M,2,2,1,2,2,YES
M,2,2,2,1,1,YES
F,2,2,2,2,1,YES
M,1,2,2,1,2,YES
F,2,2,1,2,1,YES
M,1,1,2,2,2,YES
F,1,1,1,2,2,YES
M,2,1,2,2,2,YES
M,2,1,2,2,2,YES
M,2,2,2,2,2,YES
M,1,1,2,1,2,YES
